Manufacturer,Model,Sales_in_thousands,__year_resale_value,Vehicle_type,Price_in_thousands,Engine_size,Horsepower,Wheelbase,Width,Length,Curb_weight,Fuel_capacity,Fuel_efficiency,Latest_Launch,Power_perf_factor,Manufacturer_minmax,Model_minmax,Sales_in_thousands_minmax,__year_resale_value_minmax,Vehicle_type_minmax,Price_in_thousands_minmax,Engine_size_minmax,Horsepower_minmax,Wheelbase_minmax,Width_minmax,Length_minmax,Curb_weight_minmax,Fuel_capacity_minmax,Fuel_efficiency_minmax,Latest_Launch_minmax,Power_perf_factor_minmax,Manufacturer_zscore,Model_zscore,Sales_in_thousands_zscore,__year_resale_value_zscore,Vehicle_type_zscore,Price_in_thousands_zscore,Engine_size_zscore,Horsepower_zscore,Wheelbase_zscore,Width_zscore,Length_zscore,Curb_weight_zscore,Fuel_capacity_zscore,Fuel_efficiency_zscore,Latest_Launch_zscore,Power_perf_factor_zscore
0,79,16.919,16.36,1,21.5,1.8,140,101.2,67.3,172.4,2.639,13.2,28,47,58.28014952,0,0.509677419,0.031101802,0.179515948,1,0.160820822,0.114285714,0.215189873,0.186550976,0.271676301,0.306258322,0.202338863,0.133640553,0.433333333,0.364341085,0.212314497,-1.694221043,0.029623112,-0.532042294,-0.080850666,0.59451516,-0.410052704,-1.214376471,-0.814576779,-0.82766074,-1.121286714,-1.119970983,-1.182725573,-1.228700187,0.982264179,-0.459470805,-0.750757235
0,143,39.384,19.875,1,28.4,3.2,225,108.1,70.3,192.9,3.517,17.2,25,93,91.37077766,0,0.922580645,0.072668938,0.235855105,1,0.251294827,0.314285714,0.430379747,0.336225597,0.445086705,0.579227696,0.441120479,0.31797235,0.333333333,0.720930233,0.413024264,-1.694221043,1.453800281,-0.200760806,0.265588064,0.59451516,0.075070233,0.134385269,0.694066219,0.081121826,-0.246688648,0.416069674,0.223285288,-0.193380561,0.272683767,0.755577951,0.577776377
0,25,14.114,18.225,1,22.799,3.2,225,106.9,70.6,192,3.47,17.2,26,9,72.03091719,0,0.161290323,0.025911692,0.209408559,1,0.177853537,0.314285714,0.430379747,0.310195228,0.462427746,0.567243675,0.428338319,0.31797235,0.366666667,0.069767442,0.295719181,-1.694221043,-1.172026375,-0.573406398,0.102963909,0.59451516,-0.318723038,0.134385269,0.694066219,-0.076927316,-0.159228841,0.348633742,0.148020469,-0.193380561,0.509210571,-1.463206733,-0.198686813
0,115,8.588,29.725,1,42,3.5,210,114.6,71.4,196.6,3.85,18,22,52,91.38977933,0,0.741935484,0.015686899,0.39373297,1,0.429620403,0.357142857,0.392405063,0.477223427,0.50867052,0.62849534,0.531683438,0.35483871,0.233333333,0.403100775,0.413139518,-1.694221043,0.83072277,-0.654895893,1.236404989,0.59451516,1.031254574,0.423405642,0.427835101,0.937221344,0.07399731,0.69330628,0.756544532,0.013683364,-0.436896644,-0.327400288,0.578539262
1,8,20.397,22.255,1,23.99,1.8,150,102.6,68.2,178,2.998,16.4,27,20,62.7776392,0.034482759,0.051612903,0.037537168,0.274002244,1,0.193470137,0.114285714,0.240506329,0.21691974,0.323699422,0.380825566,0.299972804,0.281105991,0.4,0.15503876,0.239593825,-1.577506386,-1.550323435,-0.480753756,0.500161088,0.59451516,-0.234986601,-1.214376471,-0.637089368,-0.643270074,-0.858907294,-0.700369633,-0.607830472,-0.400444486,0.745737375,-1.172651596,-0.570190514
1,9,18.78,23.555,1,33.95,2.8,200,108.7,76.1,192,3.561,18.5,22,119,84.56510502,0.034482759,0.058064516,0.034545222,0.294838916,1,0.324067397,0.257142857,0.367088608,0.349240781,0.780346821,0.567243675,0.453086756,0.377880184,0.233333333,0.92248062,0.371744752,-1.577506386,-1.528070667,-0.504598945,0.62828921,0.59451516,0.465277814,-0.250975228,0.25034769,0.160146397,1.444200947,0.348633742,0.293745969,0.143098318,-0.436896644,1.442344638,0.304539955
1,10,1.38,39,1,62,4.2,310,113,74,198.2,3.902,23.7,21,50,134.6568582,0.034482759,0.064516129,0.002349889,0.542394615,1,0.691863896,0.457142857,0.64556962,0.442516269,0.658959538,0.649800266,0.545825401,0.617511521,0.2,0.387596899,0.675574106,-1.577506386,-1.505817899,-0.761189103,2.150549859,0.59451516,2.437408017,1.097786511,2.202709217,0.726489155,0.831982301,0.81319238,0.839816246,1.489013831,-0.673423448,-0.380228494,2.315640423
2,3,19.747,14.18,1,26.99,2.5,170,107.3,68.4,176,3.179,16.6,26,91,71.19120671,0.068965517,0.019354839,0.036334469,0.144574451,1,0.232806661,0.214285714,0.291139241,0.318872017,0.335260116,0.354194407,0.349197716,0.290322581,0.366666667,0.705426357,0.290625953,-1.460791729,-1.661587277,-0.490339021,-0.29571167,0.59451516,-0.024063584,-0.539995601,-0.282114545,-0.024244269,-0.800600757,-0.850227258,-0.317980852,-0.348678505,0.509210571,0.702749744,-0.23239979
2,4,9.231,28.675,1,33.4,2.8,193,107.3,68.5,176,3.197,16.6,24,7,81.87706856,0.068965517,0.025806452,0.016876646,0.37690335,1,0.316855701,0.257142857,0.349367089,0.318872017,0.341040462,0.354194407,0.354093011,0.290322581,0.3,0.054263566,0.355440584,-1.460791729,-1.639334508,-0.645413854,1.13291689,0.59451516,0.426608594,-0.250975228,0.126106502,-0.024244269,-0.771447488,-0.850227258,-0.289156028,-0.348678505,0.036156964,-1.516034939,0.196619767
2,7,17.527,36.125,1,38.9,2.8,193,111.4,70.9,188,3.472,18.5,25,73,83.9987238,0.068965517,0.04516129,0.032226788,0.496313512,1,0.388972661,0.257142857,0.349367089,0.407809111,0.479768786,0.513981358,0.428882241,0.377880184,0.333333333,0.565891473,0.368309392,-1.460791729,-1.572576204,-0.523076386,1.867189589,0.59451516,0.813300791,-0.250975228,0.126106502,0.515756966,-0.071769035,0.048918492,0.151223228,0.143098318,0.272683767,0.227295883,0.281800692
3,38,91.561,12.475,1,21.975,3.1,175,109,72.7,194.6,3.368,17.5,25,25,71.18145132,0.103448276,0.24516129,0.16921238,0.117246354,1,0.167049105,0.3,0.303797468,0.355748373,0.583815029,0.601864181,0.400598314,0.331797235,0.333333333,0.19379845,0.290566782,-1.344077072,-0.882740387,0.568670497,-0.46375663,0.59451516,-0.37665656,0.038045145,-0.193370839,0.199658682,0.452989805,0.543448655,-0.0153202,-0.115731589,0.272683767,-1.040581079,-0.232791453
3,121,39.35,13.74,1,25.3,3.8,240,109,72.7,196.2,3.543,17.5,23,129,95.63670253,0.103448276,0.780645161,0.072606027,0.137522039,1,0.210647086,0.4,0.46835443,0.355748373,0.583815029,0.623169108,0.44819146,0.331797235,0.266666667,1,0.438899046,-1.344077072,0.964239379,-0.201262189,-0.339078111,0.59451516,-0.14288355,0.712426014,0.960297336,0.199658682,0.452989805,0.663334755,0.264921145,-0.115731589,-0.20036984,1.706485672,0.749046156
3,107,27.851,20.19,1,31.965,3.8,205,113.8,74.7,206.8,3.778,18.5,24,57,85.82840825,0.103448276,0.690322581,0.051329353,0.240903991,1,0.29803973,0.4,0.379746835,0.459869848,0.699421965,0.764314248,0.512102257,0.377880184,0.3,0.441860465,0.379407263,-1.344077072,0.652700624,-0.370832892,0.296634494,0.59451516,0.325717084,0.712426014,0.339091395,0.83185525,1.036055183,1.457580168,0.641245236,0.143098318,0.036156964,-0.195329771,0.355259475
3,89,83.257,13.36,1,27.885,3.8,205,112.2,73.5,200,3.591,17.5,25,101,84.25452581,0.103448276,0.574193548,0.153847435,0.131431319,1,0.244542057,0.4,0.379746835,0.42516269,0.630057803,0.673768309,0.461245581,0.331797235,0.333333333,0.782945736,0.369860948,-1.344077072,0.252150795,0.446215056,-0.376530947,0.59451516,0.038861782,0.712426014,0.339091395,0.621123061,0.686215956,0.948064243,0.341787342,-0.115731589,0.272683767,0.966890778,0.292070716
4,51,63.729,22.525,1,39.895,4.6,275,115.3,74.5,207.2,3.978,18.5,22,48,113.8545976,0.137931034,0.329032258,0.117714649,0.278329861,1,0.402019275,0.514285714,0.556962025,0.492407809,0.687861272,0.769640479,0.566494425,0.377880184,0.233333333,0.372093023,0.549398897,-1.227362415,-0.5934544,0.158244217,0.526772313,0.59451516,0.883256924,1.483147008,1.581503276,1.029416677,0.977748645,1.487551693,0.961521059,0.143098318,-0.436896644,-0.433056701,1.480464304
4,137,15.943,27.1,1,44.475,4.6,275,112.2,75,201,3.342,18.5,22,72,115.6213578,0.137931034,0.883870968,0.029295903,0.35165892,1,0.462073035,0.514285714,0.556962025,0.42516269,0.716763006,0.687083888,0.393527332,0.377880184,0.233333333,0.558139535,0.560115105,-1.227362415,1.320283672,-0.546434938,0.977684742,0.59451516,1.205266063,1.483147008,1.581503276,0.621123061,1.12351499,1.022993055,-0.056956057,0.143098318,-0.436896644,0.20088178,1.551396783
4,58,6.536,25.725,1,39.665,4.6,275,108,75.5,200.6,3.843,19,22,29,113.7658739,0.137931034,0.374193548,0.01189007,0.329620131,1,0.399003475,0.514285714,0.556962025,0.334056399,0.74566474,0.681757656,0.529779712,0.400921659,0.233333333,0.224806202,0.548860748,-1.227362415,-0.437685022,-0.685155835,0.842164613,0.59451516,0.86708616,1.483147008,1.581503276,0.067951064,1.269281334,0.99302153,0.745334878,0.272513271,-0.436896644,-0.934924665,1.476902195
4,35,11.185,18.225,1,31.01,3,200,107.4,70.3,194.8,3.77,18,22,128,83.48309358,0.137931034,0.225806452,0.020492145,0.209408559,1,0.285517603,0.285714286,0.367088608,0.321041215,0.445086705,0.604527297,0.509926571,0.35483871,0.233333333,0.992248062,0.365181859,-1.227362415,-0.949498692,-0.616599074,0.102963909,0.59451516,0.258573258,-0.05829498,0.25034769,-0.011073507,-0.246688648,0.558434417,0.628434203,0.013683364,-0.436896644,1.680071569,0.261098997
4,59,14.785,14.18,0,46.225,5.7,255,117.5,77,201.2,5.572,30,15,67,109.5091165,0.137931034,0.380645161,0.027153248,0.144574451,0,0.48501934,0.671428571,0.506329114,0.540130152,0.832369942,0.689747004,1,0.907834101,0,0.519379845,0.523041571,-1.227362415,-0.415432254,-0.563511455,-0.29571167,-1.682042893,1.328304489,2.542888375,1.226528453,1.319173437,1.706580367,1.037978818,3.514119364,3.119642242,-2.09258427,0.068811263,1.306000474
5,36,145.519,9.25,1,13.26,2.2,115,104.1,67.9,180.9,2.676,14.3,27,109,46.36334747,0.172413793,0.232258065,0.269051218,0.065555377,1,0.052776503,0.171428571,0.151898734,0.249457701,0.306358382,0.419440746,0.212401414,0.184331797,0.4,0.84496124,0.140033651,-1.110647757,-0.927245924,1.364365425,-0.781612933,0.59451516,-0.989387923,-0.829015974,-1.258295308,-0.445708647,-0.946367101,-0.483076077,-1.123474546,-0.943987289,0.745737375,1.178203605,-1.229196991
5,92,135.126,11.225,1,16.535,3.1,170,107,69.4,190.4,3.051,15,25,55,67.31446216,0.172413793,0.593548387,0.249820983,0.097211092,1,0.095718875,0.3,0.291139241,0.312364425,0.393063584,0.545938748,0.314386728,0.216589862,0.333333333,0.426356589,0.267111728,-1.110647757,0.318909099,1.211104419,-0.586956747,0.59451516,-0.759130297,0.038045145,-0.282114545,-0.063756554,-0.509068068,0.228747642,-0.522957379,-0.762806355,0.272683767,-0.248157978,-0.388044628
5,90,24.629,10.31,1,18.89,3.1,175,107.5,72.5,200.9,3.33,16.6,25,79,69.9913956,0.172413793,0.580645161,0.045367665,0.08254528,1,0.126598046,0.3,0.303797468,0.323210412,0.572254335,0.68575233,0.390263802,0.290322581,0.333333333,0.612403101,0.283348551,-1.110647757,0.274403563,-0.418346311,-0.677139233,0.59451516,-0.593555729,0.038045145,-0.193370839,0.002097255,0.394683268,1.015500174,-0.076172606,-0.348678505,0.272683767,0.385780503,-0.280570208
5,97,42.593,11.525,1,19.39,3.4,180,110.5,72.7,197.9,3.34,17,27,38,72.03091719,0.172413793,0.625806452,0.078606571,0.102019554,1,0.133154134,0.342857143,0.316455696,0.388286334,0.583815029,0.645805593,0.39298341,0.30875576,0.4,0.294573643,0.295719181,-1.110647757,0.430172941,-0.153439092,-0.557388719,0.59451516,-0.558401893,0.327065517,-0.104627133,0.39722011,0.452989805,0.790713736,-0.060158815,-0.245146542,0.745737375,-0.697197735,-0.198686813
5,30,26.402,13.025,1,24.34,3.8,200,101.1,74.1,193.2,3.5,16.8,25,15,81.11854333,0.172413793,0.193548387,0.048648259,0.126061869,1,0.198059398,0.4,0.367088608,0.184381779,0.664739884,0.58322237,0.436497144,0.299539171,0.333333333,0.11627907,0.350839782,-1.110647757,-1.060762533,-0.392200658,-0.409548578,0.59451516,-0.210378916,0.712426014,0.25034769,-0.840831501,0.86113557,0.438548317,0.196061843,-0.296912523,0.272683767,-1.304722112,0.166166242
5,46,17.947,36.225,1,45.705,5.7,345,104.5,73.6,179.7,3.21,19.1,22,75,141.14115,0.172413793,0.296774194,0.033003917,0.497916333,1,0.47820101,0.671428571,0.734177215,0.25813449,0.63583815,0.403462051,0.357628501,0.405529954,0.233333333,0.581395349,0.714904296,-1.110647757,-0.704718241,-0.51688283,1.877045599,0.59451516,1.2917445,2.542888375,2.823915157,-0.3930256,0.715369225,-0.572990652,-0.2683381,0.298396262,-0.436896644,0.28012409,2.57597394
5,111,32.299,9.125,1,13.96,1.8,120,97.1,66.7,174.3,2.398,13.2,33,122,48.2976361,0.172413793,0.716129032,0.059559516,0.063551851,1,0.061955025,0.114285714,0.164556962,0.097613883,0.23699422,0.331557923,0.136796301,0.133640553,0.6,0.945736434,0.151765995,-1.110647757,0.741711697,-0.305240189,-0.793932944,0.59451516,-0.940172552,-1.214376471,-1.169551603,-1.367661974,-1.296206328,-0.977606239,-1.568657939,-1.228700187,2.164898197,1.521586948,-1.151538524
5,94,21.855,5.16,1,9.235,1,55,93.1,62.6,149.4,1.895,10.3,45,65,23.27627233,0.172413793,0.606451613,0.040234915,0,1,0,0,0,0.010845987,0,0,0,0,1,0.503875969,0,-1.110647757,0.363414636,-0.45925327,-1.184723717,0.59451516,-1.272376303,-1.985097464,-2.323219777,-1.894492447,-2.491490352,-2.843333672,-2.374151633,-1.979306915,5.003219842,0.015983056,-2.156104609
5,78,107.995,14.18,1,18.89,3.4,180,110.5,73,200,3.389,17,27,87,71.83803944,0.172413793,0.503225806,0.199620317,0.144574451,1,0.126598046,0.342857143,0.316455696,0.388286334,0.601156069,0.673768309,0.406309491,0.30875576,0.4,0.674418605,0.294549289,-1.110647757,0.007370344,0.811015478,-0.29571167,0.59451516,-0.593555729,0.327065517,-0.104627133,0.39722011,0.540449612,0.948064243,0.018308761,-0.245146542,0.745737375,0.59709333,-0.206430533
6,135,7.854,12.36,1,19.84,2.5,163,103.7,69.7,190.9,2.967,15.9,24,3,65.95718396,0.206896552,0.870967742,0.014328774,0.115403109,1,0.139054612,0.214285714,0.273417722,0.240780911,0.410404624,0.552596538,0.291542018,0.258064516,0.3,0.023255814,0.258879216,-0.9939331,1.275778135,-0.665719868,-0.475091041,0.59451516,-0.52676344,-0.539995601,-0.406355733,-0.498391694,-0.421608261,0.266212049,-0.657473224,-0.529859439,0.036156964,-1.621691353,-0.442537087
6,134,32.775,14.18,1,24.495,2.5,168,106,69.2,193,3.332,16,24,24,69.52135505,0.206896552,0.864516129,0.060440262,0.144574451,1,0.200091785,0.214285714,0.286075949,0.290672451,0.38150289,0.580559254,0.390807724,0.262672811,0.3,0.186046512,0.280497541,-0.9939331,1.253525367,-0.298220826,-0.29571167,0.59451516,-0.199481226,-0.539995601,-0.317612027,-0.195464172,-0.567374605,0.423562555,-0.072969848,-0.503976448,0.036156964,-1.066995182,-0.299441553
6,42,31.148,13.725,1,22.245,2.7,200,113,74.4,209.1,3.452,17,26,95,80.02378204,0.206896552,0.270967742,0.057429813,0.137281616,1,0.170589392,0.242857143,0.367088608,0.442516269,0.682080925,0.79494008,0.423443024,0.30875576,0.366666667,0.736434109,0.344199555,-0.9939331,-0.793729314,-0.322213481,-0.340556513,0.59451516,-0.357673489,-0.347315352,0.25034769,0.726489155,0.948595376,1.629916437,0.119195645,-0.245146542,0.509210571,0.808406157,0.1222134
6,40,32.306,12.64,1,16.48,2,132,108,71,186,2.911,16,27,19,53.56619987,0.206896552,0.258064516,0.059572468,0.119891008,1,0.094997705,0.142857143,0.194936709,0.334056399,0.485549133,0.4873502,0.276312211,0.262672811,0.4,0.147286822,0.18372224,-0.9939331,-0.838234851,-0.305136963,-0.447494215,0.59451516,-0.762997219,-1.021696222,-0.956566709,0.067951064,-0.042615766,-0.100939133,-0.747150455,-0.503976448,0.745737375,-1.199065699,-0.940014462
6,83,13.462,17.325,1,28.34,3.5,253,113,74.4,207.7,3.564,17,23,82,101.3292807,0.206896552,0.535483871,0.024705292,0.19498317,1,0.250508097,0.357142857,0.501265823,0.442516269,0.682080925,0.776298269,0.453902638,0.30875576,0.266666667,0.635658915,0.473427132,-0.9939331,0.118634185,-0.583021155,0.014259825,0.59451516,0.070851773,0.423405642,1.191030971,0.726489155,0.948595376,1.525016099,0.298550106,-0.245146542,-0.20036984,0.465022814,0.977593689
6,146,53.48,19.54,0,22.799,3,177.5,107,70.55,187.9,3.342,17.2,24,99,72.03091719,0.206896552,0.941935484,0.098750858,0.230485655,0,0.177853537,0.285714286,0.310126582,0.312364425,0.459537572,0.5126498,0.393527332,0.31797235,0.3,0.76744186,0.295719181,-0.9939331,1.520558586,0.007106715,0.232570433,-1.682042893,-0.318723038,-0.05829498,-0.148998986,-0.063756554,-0.173805476,0.041425611,-0.056956057,-0.193380561,0.036156964,0.914062571,-0.198686813
6,2,30.696,14.18,1,29.185,3.5,253,113,74.4,197.8,3.567,17,23,43,101.6552441,0.206896552,0.012903226,0.056593475,0.144574451,1,0.261587884,0.357142857,0.501265823,0.442516269,0.682080925,0.644474035,0.454718521,0.30875576,0.266666667,0.333333333,0.475404249,-0.9939331,-1.683840045,-0.328878926,-0.29571167,0.59451516,0.130261756,0.423405642,1.191030971,0.726489155,0.948595376,0.783220855,0.303354243,-0.245146542,-0.20036984,-0.565127218,0.990680577
7,104,76.034,7.75,1,12.64,2,132,105,74.4,174.4,2.567,12.5,29,34,52.08489875,0.24137931,0.670967742,0.140482671,0.041513063,1,0.044646955,0.142857143,0.194936709,0.268980477,0.682080925,0.332889481,0.182757683,0.101382488,0.466666667,0.263565891,0.174737472,-0.877218443,0.585942319,0.339700648,-0.929453073,0.59451516,-1.03297868,-1.021696222,-0.956566709,-0.32717179,0.948595376,-0.970113358,-1.298024869,-1.409881121,1.218790982,-0.802854148,-0.999486236
7,17,4.734,12.545,1,19.045,2.5,163,103.7,69.1,190.2,2.879,15.9,24,96,65.65050834,0.24137931,0.109677419,0.008555817,0.118368328,1,0.128630433,0.214285714,0.273417722,0.240780911,0.375722543,0.543275632,0.267609464,0.258064516,0.3,0.744186047,0.257019088,-0.877218443,-1.350048521,-0.711729138,-0.456857424,0.59451516,-0.58265804,-0.539995601,-0.406355733,-0.498391694,-0.596527874,0.21376188,-0.798394586,-0.529859439,0.036156964,0.834820261,-0.454849602
7,141,71.186,10.185,1,20.23,2.5,168,108,71,186,3.058,16,24,17,67.87610784,0.24137931,0.909677419,0.131512385,0.080541753,1,0.14416836,0.214285714,0.286075949,0.334056399,0.485549133,0.4873502,0.316290454,0.262672811,0.3,0.131782946,0.270518365,-0.877218443,1.409294745,0.268209321,-0.689459245,0.59451516,-0.499343448,-0.539995601,-0.317612027,0.067951064,-0.042615766,-0.100939133,-0.511747725,-0.503976448,0.036156964,-1.251893906,-0.365495489
7,80,88.028,12.275,1,22.505,2.7,202,113,74.7,203.7,3.489,17,24,88,80.83147017,0.24137931,0.516129032,0.162675247,0.114040712,1,0.173998558,0.242857143,0.372151899,0.442516269,0.699421965,0.723035952,0.433505575,0.30875576,0.3,0.682170543,0.349098552,-0.877218443,0.05187588,0.516570898,-0.483468649,0.59451516,-0.339393494,-0.347315352,0.285845172,0.726489155,1.036055183,1.225300849,0.178446672,-0.245146542,0.036156964,0.623507434,0.154640733
7,151,0.916,58.47,1,69.725,8,450,96.2,75.7,176.7,3.375,19,16,118,188.144323,0.24137931,0.974193548,0.001491347,0.854463856,1,0.793155445,1,1,0.078091106,0.757225434,0.363515313,0.40250204,0.400921659,0.033333333,0.914728682,1,-0.877218443,1.631822427,-0.768031507,4.069514886,0.59451516,2.980534784,4.758711232,4.687532978,-1.486198831,1.327587872,-0.797777089,-0.004110546,0.272513271,-1.856057466,1.415930535,4.463073058
7,117,227.061,15.06,0,19.46,5.2,230,138.7,79.3,224.2,4.47,26,17,61,90.21170005,0.24137931,0.75483871,0.419928911,0.158679276,0,0.134071986,0.6,0.443037975,1,0.965317919,0.996005326,0.700299157,0.723502304,0.066666667,0.472868217,0.405993929,-0.877218443,0.875228306,2.566829487,-0.208978788,-1.682042893,-0.553480356,2.061187754,0.782809924,4.111374943,2.377105551,2.761341506,1.749399582,2.084322616,-1.619530663,-0.089673357,0.531241341
7,119,16.767,15.51,0,21.315,3.9,175,109.6,78.8,192.6,4.245,32,15,10,71.13529161,0.24137931,0.767741935,0.030820555,0.16589197,0,0.15839507,0.414285714,0.303797468,0.368763557,0.936416185,0.575233023,0.639107968,1,0,0.07751938,0.290286803,-0.877218443,0.919733843,-0.534283772,-0.164626745,-1.682042893,-0.423059624,0.808766139,-0.193370839,0.278683253,2.231339207,0.39359103,1.389089282,3.637302055,-2.09258427,-1.436792629,-0.234644688
7,118,31.038,13.425,0,18.575,3.9,175,127.2,78.8,208.5,4.298,32,16,103,70.07832154,0.24137931,0.761290323,0.05722628,0.132473153,0,0.122467711,0.414285714,0.303797468,0.750542299,0.936416185,0.786950732,0.653521893,1,0.033333333,0.798449612,0.283875797,-0.877218443,0.897481074,-0.323835602,-0.370124541,-1.682042893,-0.615702645,0.808766139,-0.193370839,2.596737334,2.231339207,1.584959149,1.473962375,3.637302055,-1.856057466,1.019718984,-0.277080276
7,50,111.313,11.26,0,16.98,2.5,120,131,71.5,215,3.557,22,19,27,49.64500177,0.24137931,0.322580645,0.205759634,0.097772079,0,0.101553793,0.214285714,0.164556962,0.8329718,0.514450867,0.873501997,0.451998912,0.539170507,0.133333333,0.209302326,0.159938383,-0.877218443,-0.615707168,0.859944566,-0.583507144,-1.682042893,-0.727843383,-0.539995601,-1.169551603,3.097226283,0.103150579,2.071996431,0.287340452,1.04900299,-1.146477055,-0.987752872,-1.097444036
7,53,101.323,14.18,0,26.31,5.2,230,115.7,71.7,193.5,4.394,25,17,90,92.85412522,0.24137931,0.341935484,0.187275072,0.144574451,0,0.223890382,0.6,0.443037975,0.501084599,0.526011561,0.587217044,0.679630133,0.677419355,0.066666667,0.697674419,0.422021444,-0.877218443,-0.548948863,0.712626424,-0.29571167,-1.682042893,-0.071872802,2.061187754,0.782809924,1.082099724,0.161457117,0.461026961,1.627694769,1.82549271,-1.619530663,0.676335641,0.637330311
7,32,181.749,12.025,0,19.565,2.4,150,113.3,76.8,186.3,3.533,20,24,120,61.22700031,0.24137931,0.206451613,0.336087823,0.110033659,0,0.135448764,0.2,0.240506329,0.449023861,0.820809249,0.491344874,0.445471852,0.447004608,0.3,0.930232558,0.230188492,-0.877218443,-1.016256997,1.898633323,-0.508108672,-1.682042893,-0.54609805,-0.636335725,-0.637089368,0.766001441,1.648273829,-0.078460489,0.248907353,0.531343177,0.036156964,1.468758742,-0.632446083
8,60,70.227,7.425,1,12.07,2,110,98.4,67,174.7,2.468,12.7,30,59,44.08370946,0.275862069,0.387096774,0.129737941,0.036303895,1,0.037173015,0.142857143,0.139240506,0.125813449,0.25433526,0.336884154,0.15583356,0.110599078,0.5,0.457364341,0.126206606,-0.760503786,-0.393179485,0.254067369,-0.961485104,0.59451516,-1.073054053,-1.021696222,-1.347039014,-1.196442071,-1.208746521,-0.947634714,-1.456561402,-1.35811514,1.455317786,-0.142501564,-1.320720661
8,101,113.369,12.76,1,21.56,3.8,190,101.3,73.1,183.2,3.203,15.7,24,8,76.50918456,0.275862069,0.651612903,0.209563864,0.121814393,1,0.161607553,0.4,0.341772152,0.188720174,0.606936416,0.450066578,0.355724776,0.248847926,0.3,0.062015504,0.322881917,-0.760503786,0.519184014,0.890263495,-0.435667003,0.59451516,-0.405834244,0.712426014,0.072860278,-0.814489978,0.569602881,-0.310739808,-0.279547754,-0.58162542,0.036156964,-1.489620836,-0.018891836
8,44,35.068,8.835,1,17.035,2.5,170,106.5,69.1,184.6,2.769,15,25,111,67.35101072,0.275862069,0.283870968,0.064683015,0.05890367,1,0.102274962,0.214285714,0.291139241,0.301518438,0.375722543,0.468708389,0.237693772,0.216589862,0.333333333,0.860465116,0.267333411,-0.760503786,-0.749223778,-0.264406962,-0.822515372,0.59451516,-0.723976461,-0.539995601,-0.282114545,-0.129610363,-0.596527874,-0.20583947,-0.974546289,-0.762806355,0.272683767,1.231031811,-0.386577264
8,145,245.815,10.055,1,17.885,3,155,108.5,73,197.6,3.368,16,24,36,62.5037395,0.275862069,0.935483871,0.454629559,0.078458086,1,0.113420311,0.285714286,0.253164557,0.344902386,0.601156069,0.641810919,0.400598314,0.262672811,0.3,0.279069767,0.237932498,-0.760503786,1.498305818,2.843386488,-0.702272057,0.59451516,-0.664214939,-0.05829498,-0.548345662,0.133804873,0.540449612,0.768235093,-0.0153202,-0.503976448,0.036156964,-0.750025942,-0.581187131
8,65,175.67,14.18,1,12.315,2,107,103,66.9,174.8,2.564,13.2,30,100,43.11713201,0.275862069,0.419354839,0.32483981,0.144574451,1,0.040385498,0.142857143,0.13164557,0.225596529,0.248554913,0.338215712,0.1819418,0.133640553,0.5,0.775193798,0.120343873,-0.760503786,-0.281915644,1.80898898,-0.29571167,0.59451516,-1.055828673,-1.021696222,-1.400285238,-0.590587027,-1.23789979,-0.940141833,-1.302829007,-1.228700187,1.455317786,0.940476674,-1.359527135
8,48,63.403,14.21,1,22.195,4.6,200,114.7,78.2,212,3.908,19,21,127,80.49953671,0.275862069,0.309677419,0.11711145,0.145055297,1,0.169933784,0.514285714,0.367088608,0.479392625,0.901734104,0.83355526,0.547457166,0.400921659,0.2,0.984496124,0.347085225,-0.760503786,-0.660212705,0.153436838,-0.292754867,0.59451516,-0.361188872,1.483147008,0.25034769,0.950392106,2.056419594,1.847209993,0.849424521,0.272513271,-0.673423448,1.653657465,0.141314158
8,62,276.747,16.64,0,31.93,4,210,111.6,70.2,190.7,3.876,21,19,70,87.63549578,0.275862069,0.4,0.51186324,0.184003847,0,0.297580804,0.428571429,0.392405063,0.412147505,0.439306358,0.549933422,0.538754419,0.493087558,0.133333333,0.542635659,0.390368074,-0.760503786,-0.348673949,3.299527107,-0.053253839,-1.682042893,0.323256316,0.905106263,0.427835101,0.54209849,-0.275841917,0.251226286,0.798180389,0.790173084,-1.146477055,0.148053573,0.42781103
8,153,155.787,13.175,0,21.41,3,150,120.7,76.6,200.9,3.761,26,21,49,62.09504839,0.275862069,0.987096774,0.288050166,0.1284661,0,0.159640726,0.285714286,0.240506329,0.609544469,0.809248555,0.68575233,0.507478923,0.723502304,0.2,0.379844961,0.2354536,-0.760503786,1.676327964,1.515783112,-0.394764564,-1.682042893,-0.416380395,-0.05829498,-0.637089368,1.740637815,1.589967292,1.015500174,0.614021791,2.084322616,-0.673423448,-0.406642598,-0.597595398
8,61,125.338,23.575,0,36.135,4.6,240,119,78.7,204.6,4.808,26,16,123,100.0248023,0.275862069,0.393548387,0.231710183,0.295159481,0,0.352717498,0.514285714,0.46835443,0.572668113,0.930635838,0.735019973,0.79222192,0.723502304,0.033333333,0.953488372,0.465514875,-0.760503786,-0.370926717,1.066765082,0.630260412,-1.682042893,0.618900077,1.483147008,0.960297336,1.516734864,2.202185938,1.29273678,2.290665722,2.084322616,-1.856057466,1.548001052,0.925221054
8,120,220.65,7.85,0,12.05,2.5,119,117.5,69.4,200.7,3.086,20,23,0,47.38953131,0.275862069,0.774193548,0.408066596,0.043115884,0,0.036910772,0.214285714,0.162025316,0.540130152,0.393063584,0.683089214,0.323905358,0.447004608,0.266666667,0,0.146257925,-0.760503786,0.941986611,2.472289285,-0.919597064,-1.682042893,-1.074460206,-0.539995601,-1.187300344,1.319173437,-0.509068068,1.000514411,-0.46690911,0.531343177,-0.20036984,-1.700933663,-1.187997419
8,63,540.561,15.075,0,26.935,4.6,220,138.5,79.1,224.5,4.241,25.1,18,108,89.40193473,0.275862069,0.406451613,1,0.158919699,0,0.232085491,0.514285714,0.417721519,0.995661605,0.953757225,1,0.638020125,0.68202765,0.1,0.837209302,0.401082333,-0.760503786,-0.32642118,7.1898763,-0.207500386,-1.682042893,-0.027930506,1.483147008,0.605322513,4.085033419,2.318799014,2.78382015,1.382683765,1.8513757,-1.383003859,1.151789501,0.498730612
9,41,199.685,9.85,1,12.885,1.6,106,103.2,67.1,175.1,2.339,11.9,32,14,42.87909734,0.310344828,0.264516129,0.36927492,0.075172303,1,0.047859437,0.085714286,0.129113924,0.229934924,0.260115607,0.342210386,0.120750612,0.073732719,0.566666667,0.108527132,0.118900084,-0.643789128,-0.815982082,2.163127638,-0.722476876,0.59451516,-1.0157533,-1.407056719,-1.418033979,-0.564245503,-1.179593252,-0.917663189,-1.663139307,-1.565179065,1.928371394,-1.331136216,-1.369083831
9,12,230.902,13.21,1,15.35,2.3,135,106.9,70.3,188.8,2.932,17.1,27,78,54.26954829,0.310344828,0.077419355,0.427035939,0.129027088,1,0.080180948,0.185714286,0.202531646,0.310195228,0.445086705,0.524633822,0.282023389,0.313364055,0.4,0.604651163,0.187988369,-0.643789128,-1.461312362,2.623471027,-0.391314961,0.59451516,-0.842444888,-0.732675849,-0.903320485,-0.076927316,-0.246688648,0.108861542,-0.713521493,-0.219263551,0.745737375,0.3593664,-0.911776195
9,28,73.203,17.71,0,20.55,2,146,103.2,68.9,177.6,3.219,15.3,24,56,60.08796662,0.310344828,0.180645161,0.135244453,0.201154031,0,0.148364256,0.142857143,0.230379747,0.229934924,0.36416185,0.375499334,0.360076149,0.230414747,0.3,0.434108527,0.223279733,-0.643789128,-1.10526807,0.297953134,0.052205461,-1.682042893,-0.476844993,-1.021696222,-0.708084333,-0.564245503,-0.654834412,-0.730341158,-0.253925688,-0.685157383,0.036156964,-0.221743874,-0.678176389
9,109,12.855,17.525,0,26.6,3.2,205,106.4,70.4,178.2,3.857,21.1,19,21,83.6025008,0.310344828,0.703225806,0.023582156,0.198188812,0,0.227692913,0.314285714,0.379746835,0.299349241,0.450867052,0.383488682,0.533587163,0.497695853,0.133333333,0.162790698,0.365906118,-0.643789128,0.69720616,-0.591972318,0.033971844,-1.682042893,-0.051483577,0.134385269,0.339091395,-0.142781125,-0.217535379,-0.685383871,0.767754186,0.816056075,-1.146477055,-1.146237492,0.265892998
9,105,76.029,19.49,0,26,3.5,210,118.1,75.6,201.2,4.288,20,23,51,85.21769134,0.310344828,0.677419355,0.140473419,0.229684244,0,0.219825608,0.357142857,0.392405063,0.553145336,0.751445087,0.689747004,0.650802284,0.447004608,0.266666667,0.395348837,0.375702986,-0.643789128,0.608195087,0.339626915,0.227642428,-1.682042893,-0.09366818,0.423405642,0.427835101,1.398198008,1.298434603,1.037978818,1.457948583,0.531343177,-0.20036984,-0.353814391,0.330740208
10,11,41.184,5.86,1,9.699,1.5,92,96.1,65.7,166.7,2.24,11.9,31,121,36.67228358,0.344827586,0.070967742,0.075999489,0.011219747,1,0.006084049,0.071428571,0.093670886,0.075921909,0.179190751,0.230359521,0.093826489,0.073732719,0.533333333,0.937984496,0.081252924,-0.527074471,-1.483565131,-0.174216997,-1.115731651,0.59451516,-1.239753543,-1.503396843,-1.666516355,-1.499369592,-1.587739016,-1.547065215,-1.821675839,-1.565179065,1.69184459,1.495172845,-1.618277067
10,57,66.692,7.825,1,11.799,2,140,100.4,66.9,174,2.626,14.5,27,23,54.59004516,0.344827586,0.367741935,0.123197108,0.042715179,1,0.033619616,0.142857143,0.215189873,0.169197397,0.248554913,0.327563249,0.198803372,0.193548387,0.4,0.178294574,0.189932329,-0.527074471,-0.45993779,0.201938277,-0.922061066,0.59451516,-1.092107432,-1.021696222,-0.814576779,-0.933026834,-1.23789979,-1.000084883,-1.203543502,-0.892221308,0.745737375,-1.093409285,-0.898908779
10,140,29.45,8.91,1,14.999,2.4,148,106.3,71.6,185.4,3.072,17.2,25,85,58.758249,0.344827586,0.903225806,0.054287993,0.060105786,1,0.075578575,0.2,0.235443038,0.297180043,0.520231214,0.479360852,0.320097906,0.31797235,0.333333333,0.658914729,0.215214388,-0.527074471,1.387041976,-0.347253141,-0.815123365,0.59451516,-0.867122881,-0.636335725,-0.67258685,-0.155951887,0.132303848,-0.14589642,-0.489328417,-0.193380561,0.272683767,0.544265124,-0.731562337
11,77,23.713,19.69,1,29.465,3,227,108.3,70.2,193.7,3.342,18.5,25,66,92.43688923,0.379310345,0.496774194,0.043672784,0.232889886,1,0.265259293,0.285714286,0.435443038,0.340563991,0.439306358,0.58988016,0.393527332,0.377880184,0.333333333,0.511627907,0.419490718,-0.410359814,-0.014882425,-0.43185416,0.247354447,0.59451516,0.149947904,-0.05829498,0.729563701,0.10746335,-0.275841917,0.476012724,-0.056956057,0.143098318,0.272683767,0.04239716,0.620578981
12,123,15.467,14.18,1,42.8,3,240,114.5,71.6,191.3,3.65,18.4,21,31,102.1789848,0.413793103,0.793548387,0.028415157,0.144574451,1,0.440110142,0.285714286,0.46835443,0.47505423,0.520231214,0.55792277,0.47729127,0.373271889,0.2,0.240310078,0.478580975,-0.293645157,1.008744916,-0.553454301,-0.29571167,0.59451516,1.087500712,-0.05829498,0.960297336,0.924050583,0.132303848,0.296183574,0.43626871,0.117215327,-0.673423448,-0.882096459,1.011707894
13,154,55.557,13.475,0,14.46,2.5,120,93.4,66.7,152,3.045,19,17,60,48.67289791,0.448275862,0.993548387,0.102593945,0.133274563,0,0.068511113,0.214285714,0.164556962,0.017353579,0.23699422,0.034620506,0.312754963,0.400921659,0.066666667,0.465116279,0.154042129,-0.176930499,1.698580732,0.037735322,-0.365196536,-1.682042893,-0.905018716,-0.539995601,-1.169551603,-1.854980162,-1.296206328,-2.648518759,-0.532565654,0.272513271,-1.619530663,-0.116087461,-1.136472387
13,39,80.556,13.775,0,21.62,4,190,101.4,69.4,167.5,3.194,20,20,18,76.58443962,0.448275862,0.251612903,0.148849757,0.138083026,0,0.162394283,0.428571429,0.341772152,0.190889371,0.393063584,0.241011984,0.353277128,0.447004608,0.166666667,0.139534884,0.323338373,-0.176930499,-0.860487619,0.406384596,-0.335628508,-1.682042893,-0.401615784,0.905106263,0.072860278,-0.801319216,-0.509068068,-1.487122165,-0.293960166,0.531343177,-0.909950251,-1.225479802,-0.01587047
13,74,157.04,18.81,0,26.895,4,195,105.9,72.3,181.5,3.88,20.5,19,33,80.38777912,0.448275862,0.477419355,0.2903686,0.218785062,0,0.231561004,0.428571429,0.35443038,0.288503254,0.560693642,0.427430093,0.539842263,0.470046083,0.133333333,0.255813953,0.346407364,-0.176930499,-0.081640729,1.534260552,0.160621564,-1.682042893,-0.030742813,0.905106263,0.161603984,-0.208634934,0.33637673,-0.438118789,0.804585905,0.660758131,-1.146477055,-0.829268252,0.136827276
14,55,24.072,26.975,1,31.505,3,210,105.1,70.5,190.2,3.373,18.5,23,106,87.21100104,0.482758621,0.35483871,0.044337044,0.349655393,1,0.29200813,0.285714286,0.392405063,0.271149675,0.456647399,0.543275632,0.401958118,0.377880184,0.266666667,0.821705426,0.38779332,-0.060215842,-0.504443327,-0.426560145,0.965364731,0.59451516,0.293375555,-0.05829498,0.427835101,-0.314001029,-0.18838211,0.21376188,-0.007313305,0.143098318,-0.20036984,1.098961294,0.410768273
14,68,12.698,32.075,1,37.805,3,225,110.2,70.9,189.2,3.638,19.8,23,74,94.9466984,0.482758621,0.438709677,0.023291658,0.431399263,1,0.37461483,0.285714286,0.430379747,0.381778742,0.479768786,0.529960053,0.47402774,0.437788018,0.266666667,0.573643411,0.434713856,-0.060215842,-0.215157339,-0.594287528,1.468021209,0.59451516,0.73631389,-0.05829498,0.694066219,0.357707824,-0.071769035,0.138833067,0.41705216,0.479577196,-0.20036984,0.253709987,0.721343639
14,69,3.334,14.18,1,46.305,4,300,110.2,70.9,189.2,3.693,19.8,21,30,125.0133574,0.482758621,0.44516129,0.005965388,0.144574451,1,0.486068314,0.428571429,0.620253165,0.381778742,0.479768786,0.529960053,0.488985586,0.437788018,0.2,0.23255814,0.61708187,-0.060215842,-0.192904571,-0.732374323,-0.29571167,0.59451516,1.333929103,0.905106263,2.025221805,0.357707824,-0.071769035,0.138833067,0.505128011,0.479577196,-0.673423448,-0.908510562,1.928469926
14,85,6.375,40.375,1,54.005,4,290,112.2,72,196.7,3.89,22.5,22,58,124.4467163,0.482758621,0.548387097,0.01159217,0.564433403,1,0.587032059,0.428571429,0.594936709,0.42516269,0.543352601,0.629826897,0.542561871,0.562211982,0.233333333,0.449612403,0.613644933,-0.060215842,0.163139722,-0.687530032,2.286069988,0.59451516,1.875298178,0.905106263,1.847734393,0.621123061,0.248916923,0.700799161,0.820599697,1.178417944,-0.436896644,-0.168915667,1.90572023
14,87,9.126,14.18,0,60.105,4.7,230,112.2,76.4,192.5,5.401,25.4,15,16,105.760458,0.482758621,0.561290323,0.016682363,0.144574451,0,0.667016325,0.528571429,0.443037975,0.42516269,0.797687861,0.573901465,0.953494697,0.695852535,0,0.124031008,0.500304245,-0.060215842,0.207645258,-0.646962243,-0.29571167,-1.682042893,2.304174978,1.579487132,0.782809924,0.621123061,1.531660754,0.386098149,3.240283536,1.929024672,-2.09258427,-1.278308009,1.155498078
14,116,51.238,14.18,0,34.605,3,220,103,71.5,180.1,3.9,17.2,21,9,91.94380156,0.482758621,0.748387097,0.094602471,0.144574451,0,0.332655871,0.285714286,0.417721519,0.225596529,0.514450867,0.408788282,0.545281479,0.31797235,0.2,0.069767442,0.416499916,-0.060215842,0.852975538,-0.025955074,-0.29571167,-1.682042893,0.511329339,-0.05829498,0.605322513,-0.590587027,0.103150579,-0.543019127,0.836613488,-0.193380561,-0.673423448,-1.463206733,0.600782332
15,43,13.798,20.525,1,39.08,4.6,275,109,73.6,208.5,3.868,20,22,114,113.5402069,0.517241379,0.277419355,0.025326995,0.246273441,1,0.391332853,0.514285714,0.556962025,0.355748373,0.63583815,0.786950732,0.536578733,0.447004608,0.233333333,0.88372093,0.547491974,0.056498815,-0.771476546,-0.578066311,0.329652125,0.59451516,0.825956172,1.483147008,1.581503276,0.199658682,0.715369225,1.584959149,0.785369356,0.531343177,-0.436896644,1.310274121,1.467842041
15,147,48.911,21.725,1,43.33,4.6,215,117.7,78.2,215.3,4.121,19,21,94,93.9579169,0.517241379,0.948387097,0.090296808,0.265507293,1,0.447059595,0.514285714,0.405063291,0.544468547,0.901734104,0.877496671,0.605384825,0.400921659,0.2,0.728682171,0.428716445,0.056498815,1.542811354,-0.060270321,0.447924238,0.59451516,1.124763778,1.483147008,0.516578807,1.345514961,2.056419594,2.094475074,1.190518272,0.272513271,-0.673423448,0.781992054,0.681645709
15,103,22.925,14.18,0,42.66,5.4,300,119,79.9,204.8,5.393,30,15,39,123.9720467,0.517241379,0.664516129,0.042214743,0.144574451,0,0.438274438,0.628571429,0.620253165,0.572668113,1,0.737683089,0.95131901,0.907834101,0,0.302325581,0.610765846,0.056498815,0.56368955,-0.44347445,-0.29571167,-1.682042893,1.077657638,2.253868002,2.025221805,1.516734864,2.552025165,1.307722543,3.227472503,3.119642242,-2.09258427,-0.670783632,1.886663036
18,95,26.232,8.325,1,13.987,1.8,113,98.4,66.5,173.6,2.25,13.2,30,68,45.83218056,0.620689655,0.612903226,0.048333706,0.050729284,1,0.062309054,0.114285714,0.146835443,0.125813449,0.225433526,0.322237017,0.096546097,0.133640553,0.5,0.527131783,0.136811882,0.406642787,0.385667404,-0.394707574,-0.87278102,0.59451516,-0.938274245,-1.214376471,-1.293792791,-1.196442071,-1.354512865,-1.030056408,-1.805662048,-1.228700187,1.455317786,0.095225366,-1.250522458
18,56,42.541,10.395,1,19.047,2.4,154,100.8,68.9,175.4,2.91,15.9,24,26,62.44196235,0.620689655,0.361290323,0.078510355,0.083907678,1,0.128656658,0.2,0.250632911,0.177874187,0.36416185,0.34620506,0.27604025,0.258064516,0.3,0.201550388,0.237557792,0.406642787,-0.482190558,-0.154205913,-0.668761625,0.59451516,-0.582517424,-0.636335725,-0.566094403,-0.880343787,-0.654834412,-0.895184546,-0.748751834,-0.529859439,0.036156964,-1.014166975,-0.58366738
18,71,55.616,10.595,1,17.357,2.4,145,103.7,68.5,187.8,2.945,16.3,25,7,58.60677292,0.620689655,0.458064516,0.102703113,0.087113319,1,0.106497083,0.2,0.227848101,0.240780911,0.341040462,0.511318242,0.28555888,0.276497696,0.333333333,0.054263566,0.214295617,0.406642787,-0.148399034,0.038605369,-0.649049607,0.59451516,-0.70133739,-0.636335725,-0.725833074,-0.498391694,-0.771447488,0.03393273,-0.692703565,-0.426327476,0.272683767,-1.516034939,-0.737643849
18,52,5.711,16.575,1,24.997,3.5,210,107.1,70.3,194.1,3.443,19,22,113,84.83077858,0.620689655,0.335483871,0.010363567,0.182962013,1,0.206674097,0.357142857,0.392405063,0.314533623,0.445086705,0.595206391,0.420995377,0.400921659,0.233333333,0.875968992,0.373356184,0.406642787,-0.571201631,-0.697321748,-0.059660245,0.59451516,-0.164186775,0.423405642,0.427835101,-0.050585792,-0.246688648,0.505984249,0.104783233,0.272513271,-0.436896644,1.283860018,0.315206306
18,1,0.11,20.94,1,25.45,3,161,97.2,72.4,180.3,3.131,19.8,21,92,67.54415494,0.620689655,0.006451613,0,0.252925148,1,0.212613912,0.285714286,0.26835443,0.09978308,0.566473988,0.411451398,0.336143595,0.437788018,0.2,0.713178295,0.268504919,0.406642787,-1.706092813,-0.779917235,0.370554564,0.59451516,-0.1323374,-0.05829498,-0.441853215,-1.354491212,0.365529999,-0.528033364,-0.39484705,0.479577196,-0.673423448,0.729163847,-0.378822845
18,98,11.337,19.125,0,31.807,3.5,200,107.3,69.9,186.6,4.52,24.3,18,4,83.92081504,0.620689655,0.632258065,0.020773391,0.223833948,0,0.295968006,0.357142857,0.367088608,0.318872017,0.421965318,0.495339547,0.713897199,0.64516129,0.1,0.031007752,0.36783684,0.406642787,0.452425709,-0.614357597,0.191667994,-1.682042893,0.314608472,0.423405642,0.25034769,-0.024244269,-0.363301723,-0.055981845,1.829468538,1.644311775,-1.383003859,-1.59527725,0.278672785
18,99,39.348,13.88,0,22.527,3,173,107.3,66.7,178.3,3.51,19.5,20,77,70.66094179,0.620689655,0.638709677,0.072602327,0.139765988,0,0.174287026,0.285714286,0.298734177,0.318872017,0.23699422,0.38482024,0.439216753,0.423963134,0.166666667,0.596899225,0.287409654,0.406642787,0.474678477,-0.201291682,-0.325279698,-1.682042893,-0.337846725,-0.05829498,-0.228868321,-0.024244269,-1.296206328,-0.677890989,0.212075634,0.401928224,-0.909950251,0.332952297,-0.253689044
17,102,14.351,8.8,1,16.24,2,125,106.5,69.1,184.8,2.769,15,28,35,50.99774761,0.586206897,0.658064516,0.026350215,0.058342683,1,0.091850783,0.142857143,0.17721519,0.301518438,0.375722543,0.471371505,0.237693772,0.216589862,0.433333333,0.271317829,0.168143404,0.289928129,0.541436782,-0.569911463,-0.825964975,0.59451516,-0.77987106,-1.021696222,-1.080807897,-0.129610363,-0.596527874,-0.190853708,-0.974546289,-0.762806355,0.982264179,-0.776440045,-1.043133543
17,47,26.529,13.89,1,16.54,2,125,106.4,69.6,185,2.892,16,30,48,51.11347426,0.586206897,0.303225806,0.048883248,0.13992627,1,0.095784436,0.142857143,0.17721519,0.299349241,0.404624277,0.474034621,0.271144955,0.262672811,0.5,0.372093023,0.168845339,0.289928129,-0.682465473,-0.390327845,-0.324294097,0.59451516,-0.758778758,-1.021696222,-1.080807897,-0.142781125,-0.45076153,-0.175867945,-0.777576658,-0.503976448,1.455317786,-0.433056701,-1.038487311
17,133,67.956,11.03,1,19.035,3,153,108.5,73,199.7,3.379,16,24,125,62.23996663,0.586206897,0.858064516,0.125535895,0.094085591,1,0.128499312,0.285714286,0.248101266,0.344902386,0.601156069,0.669773635,0.403589883,0.262672811,0.3,0.968992248,0.236332595,0.289928129,1.231272599,0.220577929,-0.606175966,0.59451516,-0.583361116,-0.05829498,-0.583843144,0.133804873,0.540449612,0.925585599,0.00229497,-0.503976448,0.036156964,1.600829259,-0.591777172
17,75,81.174,14.875,1,22.605,4.6,200,114.7,78.2,212,3.958,19,21,102,80.65769646,0.586206897,0.483870968,0.149993246,0.155714057,1,0.175309775,0.514285714,0.367088608,0.479392625,0.901734104,0.83355526,0.561055208,0.400921659,0.2,0.790697674,0.348044536,0.289928129,-0.059387961,0.41549797,-0.227212405,0.59451516,-0.332362727,1.483147008,0.25034769,0.950392106,2.056419594,1.847209993,0.929493476,0.272513271,-0.673423448,0.993304881,0.147664008
17,100,27.609,20.43,0,27.56,4,210,111.6,70.2,190.1,3.876,21,18,44,85.94974425,0.586206897,0.64516129,0.050881579,0.244750761,0,0.240280601,0.428571429,0.392405063,0.412147505,0.439306358,0.541944075,0.538754419,0.493087558,0.1,0.341085271,0.380143222,0.289928129,0.496931246,-0.374401559,0.320288916,-1.682042893,0.016011789,0.905106263,0.427835101,0.54209849,-0.275841917,0.206268999,0.798180389,0.790173084,-1.383003859,-0.538713115,0.360130914
17,150,20.38,14.795,0,22.51,3.3,170,112.2,74.9,194.7,3.944,20,21,12,69.671461,0.586206897,0.967741935,0.037505713,0.1544318,0,0.174064119,0.328571429,0.291139241,0.42516269,0.710982659,0.603195739,0.557247756,0.447004608,0.2,0.093023256,0.281408002,0.289928129,1.609569659,-0.481004448,-0.235097212,-1.682042893,-0.339041956,0.230725393,-0.282114545,0.621123061,1.094361721,0.550941536,0.907074169,0.531343177,-0.673423448,-1.383964423,-0.293415049
16,23,18.392,26.05,1,31.75,2.3,185,105.9,67.7,177.4,3.25,16.4,26,69,78.28073088,0.551724138,0.148387097,0.033827303,0.3348293,1,0.295220612,0.185714286,0.329113924,0.288503254,0.294797688,0.372836218,0.368506935,0.281105991,0.366666667,0.534883721,0.333627154,0.173213472,-1.216531911,-0.51032061,0.874196644,0.59451516,0.310600935,-0.732675849,-0.015883428,-0.208634934,-1.004673639,-0.745326921,-0.204282935,-0.400444486,0.509210571,0.12163947,0.052232799
16,54,27.602,41.45,1,49.9,3.2,221,111.5,70.8,189.4,3.823,21.1,25,98,98.2497375,0.551724138,0.348387097,0.050868626,0.581663728,1,0.533206582,0.314285714,0.420253165,0.409978308,0.473988439,0.532623169,0.524340495,0.497695853,0.333333333,0.759689922,0.454748296,0.173213472,-0.526696095,-0.374504785,2.392022089,0.59451516,1.586685184,0.134385269,0.623071254,0.528927728,-0.100922303,0.15381883,0.713307296,0.816056075,0.272683767,0.887648467,0.853955159
16,122,16.774,50.375,1,69.7,4.3,275,121.5,73.1,203.1,4.133,23.2,21,84,125.2738757,0.551724138,0.787096774,0.030833508,0.724715499,1,0.79282764,0.471428571,0.556962025,0.626898048,0.606936416,0.715046605,0.608648355,0.594470046,0.2,0.651162791,0.618662033,0.173213472,0.986492148,-0.534180546,3.271670926,0.59451516,2.978777092,1.194126635,1.581503276,1.84600391,0.569602881,1.180343562,1.209734821,1.359598878,-0.673423448,0.51785102,1.938929302
16,129,3.311,58.6,1,82.6,5,302,99,71.3,177.1,4.125,21.1,20,54,139.9822936,0.551724138,0.832258065,0.005922831,0.856547524,1,0.961974694,0.571428571,0.625316456,0.138828633,0.502890173,0.368841545,0.606472668,0.497695853,0.166666667,0.418604651,0.707875303,0.173213472,1.142261525,-0.732713494,4.082327698,0.59451516,3.885746063,1.868507505,2.060719287,-1.1174175,0.044844041,-0.767805564,1.196923788,0.816056075,-0.909950251,-0.274572081,2.529447786
16,130,7.998,14.18,1,38.9,2.3,190,94.5,67.5,157.9,3.055,15.9,26,2,82.80736193,0.551724138,0.838709677,0.014595218,0.144574451,1,0.388972661,0.185714286,0.341772152,0.041214751,0.283236994,0.113182423,0.315474572,0.258064516,0.366666667,0.015503876,0.361083238,0.173213472,1.164514294,-0.663596363,-0.29571167,0.59451516,0.813300791,-0.732675849,0.072860278,-1.710101782,-1.062980176,-2.206438765,-0.516551862,-0.529859439,0.509210571,-1.648105456,0.233969497
16,131,1.526,14.18,1,41,2.3,185,94.5,67.5,157.3,2.975,14,27,117,81.84896924,0.551724138,0.84516129,0.002620034,0.144574451,1,0.416508228,0.185714286,0.329113924,0.041214751,0.283236994,0.105193076,0.293717705,0.170506912,0.4,0.906976744,0.355270149,0.173213472,1.186767062,-0.759036105,-0.29571167,0.59451516,0.960946902,-0.732675849,-0.015883428,-1.710101782,-1.062980176,-2.251396053,-0.644662191,-1.021636261,0.745737375,1.389516432,0.195491626
16,27,11.592,14.18,1,41.6,3.2,215,105.9,67.8,180.3,3.213,16.4,26,105,92.92579177,0.551724138,0.174193548,0.021245219,0.144574451,1,0.424375533,0.314285714,0.405063291,0.288503254,0.300578035,0.411451398,0.358444384,0.281105991,0.366666667,0.813953488,0.422456135,0.173213472,-1.127520838,-0.610597224,-0.29571167,0.59451516,1.003131505,0.134385269,0.516578807,-0.208634934,-0.97552037,-0.528033364,-0.263533963,-0.400444486,0.509210571,1.072547191,0.640207604
16,26,0.954,14.18,1,85.5,5,302,113.6,73.1,196.6,4.115,23.2,20,64,141.1009845,0.551724138,0.167741935,0.001561659,0.144574451,1,1,0.571428571,0.625316456,0.455531453,0.606936416,0.62849534,0.60375306,0.594470046,0.166666667,0.496124031,0.714660674,0.173213472,-1.149773606,-0.767471138,-0.29571167,0.59451516,4.089638312,1.868507505,2.060719287,0.805513726,0.569602881,0.69330628,1.180909997,1.359598878,-0.909950251,-0.010431047,2.574361362
16,91,28.976,14.18,0,35.3,3.2,215,111,72.2,180.6,4.387,19,20,42,90.49553213,0.551724138,0.587096774,0.053410948,0.144574451,0,0.341768832,0.314285714,0.405063291,0.399132321,0.554913295,0.415446072,0.677726407,0.400921659,0.166666667,0.325581395,0.407715501,0.173213472,0.296656331,-0.354243011,-0.29571167,-1.682042893,0.560193171,0.134385269,0.516578807,0.463073919,0.307223461,-0.50555472,1.616485116,0.272513271,-0.909950251,-0.591541321,0.542636727
19,136,42.643,8.45,1,13.499,1.8,126,99.8,67.3,177.5,2.593,13.2,30,115,50.24197791,0.655172414,0.877419355,0.078699087,0.05273281,1,0.055910313,0.114285714,0.179746835,0.156182213,0.271676301,0.374167776,0.189828665,0.133640553,0.5,0.891472868,0.163559316,0.523357444,1.298030903,-0.152701764,-0.860461008,0.59451516,-0.972584389,-1.214376471,-1.063059156,-1.012051405,-1.121286714,-0.737834039,-1.256389012,-1.228700187,1.455317786,1.336688225,-1.073476438
19,14,88.094,11.295,1,20.39,2.4,155,103.1,69.1,183.5,3.012,15.9,25,110,63.31372783,0.655172414,0.090322581,0.162797367,0.098333066,1,0.146266308,0.2,0.253164557,0.227765727,0.375722543,0.454061252,0.303780256,0.258064516,0.333333333,0.852713178,0.242845447,0.523357444,-1.416806826,0.517544171,-0.580057541,0.59451516,-0.488094221,-0.636335725,-0.548345662,-0.577416265,-0.596527874,-0.288261164,-0.585411164,-0.529859439,0.272683767,1.204617708,-0.548667448
19,93,79.853,15.125,1,26.249,3,222,108.3,70.3,190.5,3.294,18.5,25,81,89.42782031,0.655172414,0.6,0.147548991,0.159721109,1,0.22309054,0.285714286,0.42278481,0.340563991,0.445086705,0.547270306,0.380473212,0.377880184,0.333333333,0.627906977,0.401239341,0.523357444,0.341161868,0.396017763,-0.202572381,0.59451516,-0.07616157,-0.05829498,0.640819995,0.10746335,-0.246688648,0.236240524,-0.133822255,0.143098318,0.272683767,0.43860871,0.499769875
19,113,27.308,15.38,0,26.399,3.3,170,112.2,74.9,194.8,3.991,20,21,62,71.17166413,0.655172414,0.729032258,0.050324636,0.163808303,0,0.225057366,0.328571429,0.291139241,0.42516269,0.710982659,0.604527297,0.570029916,0.447004608,0.2,0.480620155,0.290507419,0.523357444,0.786217233,-0.378840274,-0.177439557,-1.682042893,-0.065615419,0.230725393,-0.282114545,0.621123061,1.094361721,0.558434417,0.982338987,0.531343177,-0.673423448,-0.063259254,-0.233184392
19,110,42.574,17.81,0,29.299,3.3,170,106.3,71.7,182.6,3.947,21,19,126,72.29035508,0.655172414,0.709677419,0.078571415,0.202756852,0,0.263082672,0.328571429,0.291139241,0.297180043,0.526011561,0.44207723,0.558063639,0.493087558,0.133333333,0.976744186,0.29729279,0.523357444,0.719458928,-0.153719277,0.062061471,-1.682042893,0.13827683,0.230725393,-0.282114545,-0.155951887,0.161457117,-0.355697095,0.911878306,0.790173084,-1.146477055,1.627243362,-0.188270814
19,155,54.158,14.18,0,22.799,3.3,170,104.3,70.4,178,3.821,19.4,18,5,69.78294434,0.655172414,1,0.100005366,0.144574451,0,0.177853537,0.328571429,0.291139241,0.253796095,0.450867052,0.380825566,0.523796573,0.419354839,0.1,0.03875969,0.282084199,0.523357444,1.720833501,0.017104883,-0.29571167,-1.682042893,-0.318723038,0.230725393,-0.282114545,-0.419367123,-0.217535379,-0.700369633,0.710104538,0.376045234,-1.383003859,-1.568863146,-0.288939179
19,67,65.005,14.18,0,17.89,3.3,170,116.1,66.5,196.1,3.217,19.4,18,112,67.88927059,0.655172414,0.432258065,0.120075641,0.144574451,0,0.113485872,0.328571429,0.291139241,0.509761388,0.225433526,0.62183755,0.359532227,0.419354839,0.1,0.868217054,0.270598203,0.523357444,-0.237410107,0.177060828,-0.29571167,-1.682042893,-0.663863401,0.230725393,-0.282114545,1.134782772,-1.354512865,0.655841874,-0.257128446,0.376045234,-1.383003859,1.257445915,-0.364967026
20,49,1.112,11.24,1,18.145,3.1,150,107,69.4,192,3.102,15.2,25,80,60.86161155,0.689655172,0.316129032,0.001854007,0.097451515,1,0.116829476,0.3,0.240506329,0.312364425,0.393063584,0.567243675,0.328256731,0.225806452,0.333333333,0.620155039,0.227972242,0.640072101,-0.637959936,-0.765141181,-0.585478346,0.59451516,-0.645934945,0.038045145,-0.637089368,-0.063756554,-0.509068068,0.348633742,-0.441287044,-0.711040374,0.272683767,0.412194607,-0.647115833
20,81,38.554,14.18,1,24.15,3.5,215,109,73.6,195.9,3.455,18,24,63,86.27252291,0.689655172,0.522580645,0.071133183,0.144574451,1,0.195568085,0.357142857,0.405063291,0.355748373,0.63583815,0.619174434,0.424258907,0.35483871,0.3,0.488372093,0.382101022,0.640072101,0.074128648,-0.213000451,-0.29571167,0.59451516,-0.223737373,0.423405642,0.516578807,0.199658682,0.715369225,0.640856111,0.123999783,0.013683364,0.036156964,-0.036845151,0.373089939
20,13,80.255,14.18,1,18.27,2.4,150,107,70.1,186.7,2.958,15,27,12,60.72744693,0.689655172,0.083870968,0.148292815,0.144574451,1,0.118468498,0.2,0.240506329,0.312364425,0.433526012,0.496671105,0.28909437,0.216589862,0.4,0.093023256,0.227158473,0.640072101,-1.439059594,0.401945881,-0.29571167,0.59451516,-0.637146485,-0.636335725,-0.637089368,-0.063756554,-0.304995186,-0.048488964,-0.671885636,-0.762806355,0.745737375,-1.383964423,-0.652502319
20,15,14.69,19.89,1,36.229,4,250,113.8,74.4,205.4,3.967,18.5,22,45,103.4416926,0.689655172,0.096774194,0.026977469,0.236095528,1,0.353950043,0.428571429,0.493670886,0.459869848,0.682080925,0.745672437,0.563502856,0.377880184,0.233333333,0.348837209,0.486239875,0.640072101,-1.394554057,-0.564912379,0.267066466,0.59451516,0.625508998,0.905106263,1.137784747,0.83185525,0.948595376,1.35267983,0.943905888,0.143098318,-0.436896644,-0.512299011,1.062403509
20,21,20.017,19.925,0,31.598,4.3,190,107,67.8,181.2,4.068,17.5,19,124,80.51167259,0.689655172,0.135483871,0.036834052,0.236656515,0,0.293227562,0.471428571,0.341772152,0.312364425,0.300578035,0.423435419,0.5909709,0.331797235,0.133333333,0.96124031,0.347158834,0.640072101,-1.261037448,-0.486357449,0.270516069,-1.682042893,0.299914169,1.194126635,0.072860278,-0.063756554,-0.97552037,-0.460597433,1.105645179,-0.115731589,-1.146477055,1.574415155,0.141801393
20,139,24.361,15.24,0,25.345,3.4,185,120,72.2,201.4,3.948,25,22,89,76.09657042,0.689655172,0.896774194,0.044871783,0.161564353,0,0.211237134,0.342857143,0.329113924,0.594360087,0.554913295,0.69241012,0.5583356,0.677419355,0.233333333,0.689922481,0.320379224,0.640072101,1.364789208,-0.422298389,-0.191237971,-1.682042893,-0.139719705,0.327065517,-0.015883428,1.648442483,0.307223461,1.05296458,0.913479685,1.82549271,-0.436896644,0.649921537,-0.035457606
21,104,32.734,7.75,1,12.64,2,132,105,74.4,174.4,2.559,12.5,29,71,52.08489875,0.724137931,0.670967742,0.060364399,0.041513063,1,0.044646955,0.142857143,0.194936709,0.268980477,0.682080925,0.332889481,0.180581996,0.101382488,0.466666667,0.550387597,0.174737472,0.756786758,0.585942319,-0.298825435,-0.929453073,0.59451516,-1.03297868,-1.021696222,-0.956566709,-0.32717179,0.948595376,-0.970113358,-1.310835902,-1.409881121,1.218790982,0.174467676,-0.999486236
21,22,5.24,9.8,1,16.08,2,132,108,71,186.3,2.942,16,27,22,53.41189767,0.724137931,0.141935484,0.009492072,0.074370893,1,0.089752836,0.142857143,0.194936709,0.334056399,0.485549133,0.491344874,0.284742997,0.262672811,0.4,0.170542636,0.182786327,0.756786758,-1.23878468,-0.704267378,-0.727404881,0.59451516,-0.791120287,-1.021696222,-0.956566709,0.067951064,-0.042615766,-0.078460489,-0.697507702,-0.503976448,0.745737375,-1.119823389,-0.946209439
21,152,24.155,12.025,0,18.85,2.4,150,113.3,76.8,186.3,3.528,20,24,69,60.95118512,0.724137931,0.980645161,0.04449062,0.110033659,0,0.126073559,0.2,0.240506329,0.449023861,0.820809249,0.491344874,0.444112048,0.447004608,0.3,0.534883721,0.228515547,0.756786758,1.654075196,-0.42533618,-0.508108672,-1.682042893,-0.596368036,-0.636335725,-0.637089368,0.766001441,1.648273829,-0.078460489,0.240900458,0.531343177,0.036156964,0.12163947,-0.643519603
21,112,1.872,14.18,1,43,3.5,253,113.3,76.3,165.4,2.85,12,21,90,106.9844563,0.724137931,0.722580645,0.00326024,0.144574451,1,0.442732577,0.357142857,0.501265823,0.449023861,0.791907514,0.213049268,0.2597226,0.078341014,0.2,0.697674419,0.507728354,0.756786758,0.763964465,-0.753933795,-0.29571167,0.59451516,1.101562246,0.423405642,1.191030971,0.766001441,1.502507485,-1.644472671,-0.84483458,-1.539296074,-0.673423448,0.676335641,1.204639572
22,142,51.645,13.79,1,21.61,2.4,150,104.1,68.4,181.9,2.906,15,27,6,62.0158703,0.75862069,0.916129032,0.095355546,0.138323449,1,0.162263161,0.2,0.240506329,0.249457701,0.335260116,0.432756325,0.274952407,0.216589862,0.4,0.046511628,0.234973349,0.873501416,1.431547513,-0.019953224,-0.334150107,0.59451516,-0.402318861,-0.636335725,-0.637089368,-0.445708647,-0.800600757,-0.408147264,-0.75515735,-0.762806355,0.745737375,-1.542449043,-0.600774267
22,73,131.097,10.29,1,19.72,3.4,175,107,70.4,186.3,3.091,15.2,25,28,70.38973726,0.75862069,0.470967742,0.242366098,0.082224715,1,0.137481151,0.342857143,0.303797468,0.312364425,0.450867052,0.491344874,0.325265162,0.225806452,0.333333333,0.217054264,0.285764675,0.873501416,-0.103893498,1.151690525,-0.679110435,0.59451516,-0.535200361,0.327065517,-0.193370839,-0.063756554,-0.217535379,-0.078460489,-0.458902214,-0.711040374,0.272683767,-0.961338769,-0.264577454
22,64,19.911,17.805,1,25.31,3.8,200,101.1,74.5,193.4,3.492,16.8,25,86,81.49272616,0.75862069,0.412903226,0.036637919,0.202676711,1,0.210778208,0.4,0.367088608,0.184381779,0.687861272,0.585885486,0.434321458,0.299539171,0.333333333,0.666666667,0.353109372,0.873501416,-0.304168412,-0.487920585,0.06156867,0.59451516,-0.142180474,0.712426014,0.25034769,-0.840831501,0.977748645,0.45353408,0.18325081,-0.296912523,0.272683767,0.570679227,0.18118906
22,76,92.364,14.01,1,21.665,3.8,195,110.5,72.7,196.5,3.396,18,25,11,78.31816813,0.75862069,0.490322581,0.170698176,0.141849655,1,0.162984331,0.4,0.35443038,0.388286334,0.583815029,0.627163782,0.408213217,0.35483871,0.333333333,0.085271318,0.333854228,0.873501416,-0.037135193,0.580511986,-0.312466886,0.59451516,-0.398451939,0.712426014,0.161603984,0.39722011,0.452989805,0.685813399,0.029518415,0.013683364,0.272683767,-1.410378526,0.053735842
22,19,35.945,13.225,1,23.755,3.8,205,112.2,72.6,202.5,3.59,17.5,24,76,82.6613556,0.75862069,0.122580645,0.066305734,0.129267511,1,0.190388776,0.4,0.379746835,0.42516269,0.578034682,0.707057257,0.46097362,0.331797235,0.3,0.589147287,0.360197643,0.873501416,-1.305542984,-0.251474229,-0.38983656,0.59451516,-0.251508904,0.712426014,0.339091395,0.621123061,0.423836536,1.135386274,0.340185963,-0.115731589,0.036156964,0.306538193,0.228107586
22,96,39.572,14.18,0,25.635,3.4,185,120,72.7,201.3,3.942,25,23,100,76.20843952,0.75862069,0.619354839,0.073016795,0.144574451,0,0.215039664,0.342857143,0.329113924,0.594360087,0.583815029,0.691078562,0.556703835,0.677419355,0.266666667,0.775193798,0.321057761,0.873501416,0.407920173,-0.197988453,-0.29571167,-1.682042893,-0.11933048,0.327065517,-0.015883428,1.648442483,0.452989805,1.045471699,0.90387141,1.82549271,-0.20036984,0.940476674,-0.030966248
23,20,8.982,41.25,1,41.43,2.7,217,95.2,70.1,171,2.778,17,22,46,93.4373307,0.793103448,0.129032258,0.016415919,0.578458086,1,0.422146463,0.242857143,0.410126582,0.056399132,0.433526012,0.287616511,0.24014142,0.30875576,0.233333333,0.356589147,0.425558852,0.990216073,-1.283290216,-0.649085748,2.37231007,0.59451516,0.991179201,-0.347315352,0.552076289,-1.617906449,-0.304995186,-1.224871321,-0.960133877,-0.245146542,-0.436896644,-0.485884908,0.66074504
23,34,1.28,60.625,1,71.02,3.4,300,92.6,69.5,174.5,3.032,17,21,37,134.3909754,0.793103448,0.219354839,0.002164859,0.889004648,1,0.810135711,0.342857143,0.620253165,0,0.398843931,0.334221039,0.309219472,0.30875576,0.2,0.286821705,0.673961405,0.990216073,-0.97175146,-0.762663759,4.281911888,0.59451516,3.07158322,0.327065517,2.025221805,-1.960346256,-0.479914799,-0.962620477,-0.553383582,-0.245146542,-0.673423448,-0.723611838,2.304965672
23,33,1.866,67.55,1,74.97,3.4,300,92.6,69.5,174.5,3.075,17,23,97,135.9147096,0.793103448,0.212903226,0.003249138,1,1,0.861928801,0.342857143,0.620253165,0,0.398843931,0.334221039,0.320913788,0.30875576,0.266666667,0.751937984,0.683203549,0.990216073,-0.994004229,-0.754022274,4.964440538,0.59451516,3.349298525,0.327065517,2.025221805,-1.960346256,-0.479914799,-0.962620477,-0.48452428,-0.245146542,-0.20036984,0.861234364,2.366141062
24,6,9.191,14.18,1,33.12,2.3,170,106.4,70.6,189.2,3.28,18.5,23,32,73.50377819,0.827586207,0.038709677,0.016802633,0.144574451,1,0.313184292,0.185714286,0.291139241,0.299349241,0.462427746,0.529960053,0.37666576,0.377880184,0.266666667,0.248062016,0.304652755,1.10693073,-1.594828972,-0.646003716,-0.29571167,0.59451516,0.406922446,-0.732675849,-0.282114545,-0.142781125,-0.159228841,0.138833067,-0.156241562,0.143098318,-0.20036984,-0.855682355,-0.139553896
24,0,12.115,14.18,1,26.1,2,185,102.6,67.4,182.2,2.99,16.9,23,83,76.02304771,0.827586207,0,0.02221293,0.144574451,1,0.221136826,0.142857143,0.329113924,0.21691974,0.277456647,0.436750999,0.297797117,0.304147465,0.266666667,0.643410853,0.319933275,1.10693073,-1.728345582,-0.602884773,-0.29571167,0.59451516,-0.086637413,-1.021696222,-0.015883428,-0.643270074,-1.092133445,-0.38566862,-0.620641505,-0.271029533,-0.20036984,0.491436917,-0.038409421
25,128,80.62,9.2,1,10.685,1.9,100,102.4,66.4,176.9,2.332,12.1,33,108,39.98642475,0.862068966,0.825806452,0.148968177,0.064753967,1,0.019012653,0.128571429,0.113924051,0.212581345,0.219653179,0.366178429,0.118846886,0.082949309,0.6,0.837209302,0.101354704,1.223645387,1.120008757,0.407328375,-0.786540937,0.59451516,-1.170430179,-1.118036346,-1.524526426,-0.669611598,-1.383666134,-0.782791327,-1.674348961,-1.513413084,2.164898197,1.151789501,-1.485219818
25,127,24.546,10.59,1,12.535,1.9,100,102.4,66.4,180,2.367,12.1,33,53,40.70007242,0.862068966,0.819354839,0.04521409,0.087033178,1,0.043270176,0.128571429,0.113924051,0.212581345,0.219653179,0.407456724,0.128365515,0.082949309,0.6,0.410852713,0.105683303,1.223645387,1.097755989,-0.419570275,-0.649542407,0.59451516,-1.040360985,-1.118036346,-1.524526426,-0.669611598,-1.383666134,-0.550512008,-1.618300692,-1.513413084,2.164898197,-0.300986184,-1.456568053
25,132,5.223,10.79,1,14.29,1.9,124,102.4,66.4,176.9,2.452,12.1,31,1,49.86577367,0.862068966,0.851612903,0.009460617,0.09023882,1,0.066282043,0.128571429,0.174683544,0.212581345,0.219653179,0.366178429,0.151482187,0.082949309,0.533333333,0.007751938,0.161277465,1.223645387,1.20901983,-0.70451807,-0.629830388,0.59451516,-0.916971021,-1.118036346,-1.098556638,-0.669611598,-1.383666134,-0.782791327,-1.482183467,-1.513413084,1.69184459,-1.67451956,-1.088580412
25,86,8.472,14.18,1,18.835,2.2,137,106.5,69,190.4,3.075,13.1,27,116,56.29524304,0.862068966,0.55483871,0.015472263,0.144574451,1,0.125876877,0.171428571,0.207594937,0.301518438,0.369942197,0.545938748,0.320913788,0.129032258,0.4,0.899224806,0.200275133,1.223645387,0.18539249,-0.656606494,-0.29571167,0.59451516,-0.597422651,-0.829015974,-0.867823003,-0.129610363,-0.625681143,0.228747642,-0.48452428,-1.254583177,0.745737375,1.363102328,-0.830447924
25,84,49.989,14.18,1,15.01,2.2,137,106.5,69,190.4,2.91,13.1,28,41,54.81972825,0.862068966,0.541935484,0.092291438,0.144574451,1,0.075722809,0.171428571,0.207594937,0.301518438,0.369942197,0.545938748,0.27604025,0.129032258,0.433333333,0.317829457,0.191325462,1.223645387,0.140886953,-0.044373529,-0.29571167,0.59451516,-0.866349497,-0.829015974,-0.867823003,-0.129610363,-0.625681143,0.228747642,-0.748751834,-1.254583177,0.982264179,-0.617955425,-0.889687386
26,106,47.107,14.18,1,22.695,2.5,165,103.5,67.5,185.8,3.415,16.9,25,104,67.7659076,0.896551724,0.683870968,0.086958855,0.144574451,1,0.176489871,0.214285714,0.278481013,0.236442516,0.283236994,0.484687084,0.413380473,0.304147465,0.333333333,0.80620155,0.26984995,1.340360044,0.630447855,-0.086873117,-0.29571167,0.59451516,-0.326035036,-0.539995601,-0.370858251,-0.524733218,-1.062980176,-0.115924895,0.059944618,-0.271029533,0.272683767,1.046133088,-0.369919845
26,66,33.028,14.18,0,20.095,2.5,165,99.4,68.3,175.2,3.125,15.9,24,121,66.76294331,0.896551724,0.425806452,0.060908389,0.144574451,0,0.142398217,0.214285714,0.278481013,0.147505423,0.329479769,0.343541944,0.33451183,0.258064516,0.3,0.937984496,0.263766514,1.340360044,-0.259662876,-0.294489946,-0.29571167,-1.682042893,-0.508834984,-0.539995601,-0.370858251,-1.064734452,-0.829754025,-0.910170308,-0.404455325,-0.529859439,0.036156964,1.495172845,-0.410187191
27,45,142.535,10.025,1,13.108,1.8,120,97,66.7,174,2.42,13.2,33,64,47.96897242,0.931034483,0.290322581,0.263529904,0.07797724,1,0.050783452,0.114285714,0.164556962,0.095444685,0.23699422,0.327563249,0.14277944,0.133640553,0.6,0.496124031,0.1497725,1.457074702,-0.726971009,1.320361688,-0.70522886,0.59451516,-1.000074689,-1.214376471,-1.169551603,-1.380832736,-1.296206328,-1.000084883,-1.533427599,-1.228700187,2.164898197,-0.010431047,-1.164733823
27,31,247.994,13.245,1,17.518,2.2,133,105.2,70.1,188.5,2.998,18.5,27,42,54.37241965,0.931034483,0.2,0.458661377,0.129588075,1,0.108608143,0.171428571,0.197468354,0.273318872,0.433526012,0.520639148,0.299972804,0.377880184,0.4,0.325581395,0.188612331,1.457074702,-1.038509765,2.875519244,-0.387865358,0.59451516,-0.690017855,-0.829015974,-0.938817968,-0.300830267,-0.304995186,0.086382899,-0.607830472,0.143098318,0.745737375,-0.591541321,-0.907646081
27,16,63.849,18.14,1,25.545,3,210,107.1,71.7,191.9,3.417,18.5,26,115,84.91189826,0.931034483,0.103225806,0.117936686,0.208046161,1,0.213859569,0.285714286,0.392405063,0.314533623,0.526011561,0.565912117,0.413924395,0.377880184,0.366666667,0.891472868,0.373848212,1.457074702,-1.372301289,0.160013804,0.094586302,0.59451516,-0.125658171,-0.05829498,0.427835101,-0.050585792,0.161457117,0.341140861,0.063147376,0.143098318,0.509210571,1.336688225,0.318463126
27,37,33.269,15.445,1,16.875,1.8,140,102.4,68.3,170.5,2.425,14.5,31,40,56.49603034,0.931034483,0.238709677,0.061354313,0.164850136,1,0.100177014,0.114285714,0.215189873,0.212581345,0.329479769,0.280958722,0.144139244,0.193548387,0.533333333,0.310077519,0.201492999,1.457074702,-0.904993155,-0.290936025,-0.171033151,0.59451516,-0.735225688,-1.214376471,-0.814576779,-0.669611598,-0.829754025,-1.262335727,-1.525420703,-0.892221308,1.69184459,-0.644369528,-0.822386648
27,144,84.087,9.575,0,11.528,2.4,142,103.3,66.5,178.7,2.58,15.1,23,107,55.29711658,0.931034483,0.929032258,0.155383189,0.070764546,0,0.030066216,0.2,0.220253165,0.232104121,0.225433526,0.390146471,0.186293174,0.221198157,0.266666667,0.829457364,0.19422104,1.457074702,1.47605305,0.458454702,-0.749580902,-1.682042893,-1.111160811,-0.636335725,-0.779079297,-0.551074741,-1.354512865,-0.647919464,-1.277206941,-0.736923364,-0.20036984,1.125375398,-0.870521039
27,138,65.119,14.18,0,22.368,3,194,114.2,73.4,193.5,3.759,20.9,22,18,78.02721947,0.931034483,0.890322581,0.120286575,0.144574451,0,0.17220219,0.285714286,0.351898734,0.468546638,0.624277457,0.587217044,0.506935001,0.488479263,0.233333333,0.139534884,0.332089492,1.457074702,1.34253644,0.178741936,-0.29571167,-1.682042893,-0.349025645,-0.05829498,0.143855243,0.884538297,0.657062687,0.461026961,0.610819033,0.764290093,-0.436896644,-1.225479802,0.042054738
27,114,25.106,13.325,0,16.888,2,127,94.9,66.7,163.8,2.668,15.3,27,81,51.95510887,0.931034483,0.735483871,0.046250261,0.130870332,0,0.100347473,0.142857143,0.182278481,0.04989154,0.23699422,0.191744341,0.210225727,0.230414747,0.4,0.627906977,0.173950237,1.457074702,0.808470001,-0.411312201,-0.37998055,-1.682042893,-0.734311688,-1.021696222,-1.045310414,-1.657418734,-1.296206328,-1.764358771,-1.136285579,-0.685157383,0.745737375,0.43860871,-1.004697083
27,5,68.411,19.425,0,22.288,2.7,150,105.3,66.5,183.3,3.44,18.5,23,62,62.35557713,0.931034483,0.032258065,0.126377784,0.228642411,0,0.171153216,0.242857143,0.240506329,0.275488069,0.225433526,0.451398136,0.420179494,0.377880184,0.266666667,0.480620155,0.237033826,1.457074702,-1.61708174,0.227287615,0.221236022,-1.682042893,-0.354650259,-0.347315352,-0.637089368,-0.287659505,-1.354512865,-0.303246927,0.099979096,0.143098318,-0.20036984,-0.063259254,-0.587135603
27,88,9.835,34.08,0,51.728,4.7,230,112.2,76.4,192.5,5.115,25.4,15,126,102.5289842,0.931034483,0.567741935,0.017994231,0.463535823,0,0.557175638,0.528571429,0.443037975,0.42516269,0.797687861,0.573901465,0.875713897,0.695852535,0,0.976744186,0.480703881,1.457074702,0.229898026,-0.636506931,1.665634197,-1.682042893,1.715207609,1.579487132,0.782809924,0.621123061,1.531660754,0.386098149,2.78228911,1.929024672,-2.09258427,1.627243362,1.025759787
28,72,9.761,11.425,1,14.9,2,115,98.9,68.3,163.3,2.767,14.5,26,5,46.94387676,0.965517241,0.464516129,0.017857308,0.100416733,1,0.074280469,0.142857143,0.151898734,0.136659436,0.329479769,0.185086551,0.23714985,0.193548387,0.366666667,0.03875969,0.143554827,1.573789359,-0.126146266,-0.637598177,-0.567244729,0.59451516,-0.874083341,-1.021696222,-1.258295308,-1.130588262,-0.829754025,-1.801823177,-0.977749047,-0.892221308,0.509210571,-1.568863146,-1.205889707
28,82,83.721,13.24,1,16.7,2,115,98.9,68.3,172.3,2.853,14.5,26,112,47.63823666,0.965517241,0.529032258,0.154705977,0.129507934,1,0.097882384,0.142857143,0.151898734,0.136659436,0.329479769,0.304926764,0.260538482,0.193548387,0.366666667,0.868217054,0.147766436,1.573789359,0.096381417,0.453057461,-0.388358158,0.59451516,-0.747529531,-1.021696222,-1.258295308,-1.130588262,-0.829754025,-1.127463865,-0.840030443,-0.892221308,0.509210571,1.257445915,-1.178012313
28,108,51.102,16.725,1,21.2,1.8,150,106.4,68.5,184.1,3.043,16.4,27,16,61.70138136,0.965517241,0.696774194,0.094350829,0.185366245,1,0.15688717,0.114285714,0.240506329,0.299349241,0.341040462,0.462050599,0.312211042,0.281105991,0.4,0.124031008,0.23306583,1.573789359,0.674953392,-0.027960606,-0.044876231,0.59451516,-0.431145006,-1.214376471,-0.637089368,-0.142781125,-0.771447488,-0.243303877,-0.535768412,-0.400444486,0.745737375,-1.278308009,-0.613400474
28,29,9.569,16.575,1,19.99,2,115,97.4,66.7,160.4,3.079,13.7,26,80,48.90737225,0.965517241,0.187096774,0.017502049,0.182962013,1,0.141021438,0.142857143,0.151898734,0.104121475,0.23699422,0.146471372,0.322001632,0.156682028,0.366666667,0.620155039,0.155464323,1.573789359,-1.083015302,-0.640429516,-0.059660245,0.59451516,-0.516217289,-1.021696222,-1.258295308,-1.328149689,-1.296206328,-2.019116734,-0.478118764,-1.099285233,0.509210571,0.412194607,-1.127058633
28,70,5.596,13.76,1,17.5,2,115,98.9,68.3,163.3,2.762,14.6,26,63,47.94684106,0.965517241,0.451612903,0.010150781,0.137842603,1,0.108372124,0.142857143,0.151898734,0.136659436,0.329479769,0.185086551,0.235790046,0.198156682,0.366666667,0.488372093,0.149638263,1.573789359,-0.170651803,-0.699017603,-0.337106909,0.59451516,-0.691283393,-1.021696222,-1.258295308,-1.130588262,-0.829754025,-1.801823177,-0.985755942,-0.866338317,0.509210571,-0.036845151,-1.16562236
28,18,49.463,14.18,1,15.9,2,115,98.9,67.9,161.1,2.769,14.5,26,13,47.32963226,0.965517241,0.116129032,0.091318177,0.144574451,1,0.087392644,0.142857143,0.151898734,0.136659436,0.306358382,0.155792277,0.237693772,0.193548387,0.366666667,0.100775194,0.14589461,1.573789359,-1.327795753,-0.05213022,-0.29571167,0.59451516,-0.803775668,-1.021696222,-1.258295308,-1.130588262,-0.946367101,-1.966666565,-0.974546289,-0.892221308,0.509210571,-1.357550319,-1.190402266
29,124,16.957,14.18,1,23.4,1.9,160,100.5,67.6,176.6,2.998,15.8,25,45,66.1130568,1,0.8,0.031172114,0.144574451,1,0.185733954,0.128571429,0.265822785,0.171366594,0.289017341,0.362183755,0.299972804,0.253456221,0.333333333,0.348837209,0.259824656,1.690504016,1.030997684,-0.531481925,-0.29571167,0.59451516,-0.276468127,-1.118036346,-0.459601956,-0.919856072,-1.033826908,-0.805269971,-0.607830472,-0.55574243,0.272683767,-0.512299011,-0.436279052
29,148,3.545,14.18,1,24.4,1.9,160,100.5,67.6,176.6,3.042,15.8,25,124,66.4988123,1,0.95483871,0.006355803,0.144574451,1,0.198846129,0.128571429,0.265822785,0.171366594,0.289017341,0.362183755,0.311939081,0.253456221,0.333333333,0.96124031,0.262164439,1.690504016,1.565064123,-0.729262799,-0.29571167,0.59451516,-0.206160455,-1.118036346,-0.459601956,-0.919856072,-1.033826908,-0.805269971,-0.537369791,-0.55574243,0.272683767,1.574415155,-0.420791611
29,125,15.245,14.18,1,27.5,2.4,168,104.9,69.3,185.9,3.208,17.9,25,26,70.65449545,1,0.806451613,0.028004389,0.144574451,1,0.23949387,0.2,0.286075949,0.26681128,0.387283237,0.486018642,0.35708458,0.350230415,0.333333333,0.201550388,0.287370554,1.690504016,1.053250452,-0.556728037,-0.29571167,0.59451516,0.011793328,-0.636335725,-0.317612027,-0.340342552,-0.538221337,-0.108432014,-0.271540858,-0.012199626,0.272683767,-1.014166975,-0.253947853
29,149,17.531,14.18,1,28.8,2.4,168,104.9,69.3,186.2,3.259,17.9,25,89,71.1559776,1,0.961290323,0.03223419,0.144574451,1,0.256539697,0.2,0.286075949,0.26681128,0.387283237,0.490013316,0.370954583,0.350230415,0.333333333,0.689922481,0.290412273,1.690504016,1.587316891,-0.523017399,-0.29571167,0.59451516,0.103193302,-0.636335725,-0.317612027,-0.340342552,-0.538221337,-0.08595337,-0.189870523,-0.012199626,0.272683767,0.649921537,-0.23381418
29,24,3.493,14.18,1,45.5,2.3,236,104.9,71.5,185.7,3.601,18.5,23,71,101.6233572,1,0.15483871,0.006259587,0.144574451,1,0.475513014,0.185714286,0.458227848,0.26681128,0.514450867,0.483355526,0.463965189,0.377880184,0.266666667,0.550387597,0.47521084,1.690504016,-1.194279143,-0.73002962,-0.29571167,0.59451516,1.277331427,-0.732675849,0.889302371,-0.340342552,0.103150579,-0.123417777,0.357801133,0.143098318,-0.20036984,0.174467676,0.989400371
29,126,18.969,14.18,1,36,2.9,201,109.9,72.1,189.8,3.6,21.1,24,22,85.73565451,1,0.812903226,0.03489493,0.144574451,1,0.350947355,0.271428571,0.369620253,0.37527115,0.549132948,0.537949401,0.463693228,0.497695853,0.3,0.170542636,0.37884467,1.690504016,1.075503221,-0.501811845,-0.29571167,0.59451516,0.609408541,-0.154635104,0.268096431,0.318195539,0.278070192,0.183790355,0.356199754,0.816056075,0.036156964,-1.119823389,0.351535567
